{
	"pattrstorage" : 	{
		"name" : "cpinStore",
		"slots" : 		{
			"1" : 			{
				"id" : 1,
				"data" : 				{
					"patcher::UR3" : [ 0.953125, 0.154167 ],
					"patcher::UL3" : [ 0.088281, 0.1625 ],
					"patcher::LL3" : [ 0.099219, 0.930556 ],
					"patcher::LR3" : [ 0.932813, 0.959722 ],
					"patcher[1]::UR2" : [ 0.9625, 0.147223 ],
					"patcher[1]::UL2" : [ 0.064062, 0.163889 ],
					"patcher[1]::LL2" : [ 0.066407, 0.945834 ],
					"patcher[1]::LR2" : [ 0.961719, 0.969445 ]
				}

			}

		}

	}

}
